{"epochs": 13, "accuracy": [0.6353919506072998, 0.7636579275131226, 0.8182897567749023, 0.8016626834869385, 0.8123515248298645, 0.8254156708717346, 0.8087885975837708, 0.8456056714057922, 0.8361045122146606, 0.853919267654419, 0.8729215860366821, 0.8551068902015686, 0.8693586587905884], "loss": [1.470737099647522, 0.9899843335151672, 0.7423746585845947, 0.6657507419586182, 0.6335070133209229, 0.5957148671150208, 0.6128297448158264, 0.5618394613265991, 0.5540821552276611, 0.5091766715049744, 0.5046268701553345, 0.5170168280601501, 0.48913317918777466], "val_accuracy": [0.6645161509513855, 0.7032257914543152, 0.7677419185638428, 0.7161290049552917, 0.7225806713104248, 0.7612903118133545, 0.7677419185638428, 0.7935484051704407, 0.7806451320648193, 0.7354838848114014, 0.7677419185638428, 0.8064516186714172, 0.7354838848114014], "val_loss": [1.1584097146987915, 0.8972397446632385, 0.7817642688751221, 0.7923940420150757, 0.8115401864051819, 0.7413724660873413, 0.7367522120475769, 0.6043557524681091, 0.6888077855110168, 0.7891688346862793, 0.7646341919898987, 0.6162503361701965, 0.6656234264373779]}