{"epochs": 10, "accuracy": [0.8562161922454834, 0.8518918752670288, 0.8356756567955017, 0.8702702522277832, 0.8789189457893372, 0.8627027273178101, 0.8702702522277832, 0.8562161922454834, 0.8551351428031921, 0.861621618270874, 0.8420038819313049, 0.8477842211723328, 0.8381502628326416, 0.8420038819313049, 0.8535645604133606, 0.8574181199073792, 0.8660886287689209, 0.8583815097808838, 0.8506743907928467, 0.8689787983894348, 0.8689787983894348, 0.8641618490219116, 0.8400770425796509, 0.8603082895278931, 0.863198459148407, 0.8863198161125183, 0.8766859173774719, 0.8901734352111816, 0.8468208312988281, 0.852601170539856, 0.8429672718048096, 0.8535645604133606, 0.8882466554641724, 0.8680154085159302, 0.8805394768714905, 0.8593448996543884, 0.8776493072509766, 0.8901734352111816, 0.8872832655906677, 0.8596986532211304, 0.8813559412956238, 0.8832391500473022, 0.8700565099716187, 0.8907721042633057, 0.8841807842254639, 0.887005627155304, 0.8399638533592224, 0.8698011040687561, 0.8526220321655273, 0.8896926045417786, 0.8797468543052673, 0.8634719848632812, 0.8942133784294128, 0.887884259223938, 0.8770343661308289, 0.8770343661308289, 0.8598553538322449, 0.870705246925354, 0.8797468543052673, 0.9032549858093262, 0.8933092355728149, 0.9086799025535583, 0.8869801163673401, 0.9113923907279968, 0.5321428775787354, 0.6660714149475098, 0.7116071581840515, 0.7544642686843872, 0.7508928775787354, 0.7517856955528259, 0.7482143044471741, 0.7571428418159485, 0.7794643044471741, 0.7714285850524902, 0.7455357313156128, 0.7428571581840515, 0.7758928537368774, 0.7785714268684387, 0.7705357074737549, 0.7741071581840515, 0.7776785492897034, 0.7589285969734192, 0.7848214507102966, 0.7598214149475098, 0.7749999761581421, 0.7776785492897034, 0.7517856955528259, 0.7928571701049805, 0.8160714507102966, 0.8062499761581421, 0.8107143044471741, 0.7964285612106323], "loss": [0.5165342092514038, 0.48219266533851624, 0.4877675771713257, 0.4583056569099426, 0.4274381995201111, 0.4567020833492279, 0.4382981061935425, 0.4555463194847107, 0.4575287997722626, 0.44330087304115295, 0.536104142665863, 0.5103177428245544, 0.5289575457572937, 0.5170471668243408, 0.4672253727912903, 0.46443381905555725, 0.45724064111709595, 0.4707053303718567, 0.47011199593544006, 0.4676927626132965, 0.4586692452430725, 0.4813438653945923, 0.4871194660663605, 0.4889266788959503, 0.4787754714488983, 0.4154726266860962, 0.42661720514297485, 0.3995992839336395, 0.47255954146385193, 0.4560435116291046, 0.4953172206878662, 0.43683961033821106, 0.40671953558921814, 0.4644869267940521, 0.4454323649406433, 0.43335050344467163, 0.42861032485961914, 0.3974910080432892, 0.4165990650653839, 0.47440198063850403, 0.42317503690719604, 0.4071093201637268, 0.4462277889251709, 0.41903308033943176, 0.4195941090583801, 0.3987607955932617, 0.5091776251792908, 0.4254845678806305, 0.47451379895210266, 0.40752890706062317, 0.4312066435813904, 0.45972883701324463, 0.3987152576446533, 0.38271141052246094, 0.42131924629211426, 0.42441967129707336, 0.48598408699035645, 0.41745108366012573, 0.4256439507007599, 0.3733718991279602, 0.3734140992164612, 0.3555108606815338, 0.38715845346450806, 0.38352203369140625, 4.052851676940918, 1.7913258075714111, 1.1892741918563843, 0.9804341197013855, 0.9026935696601868, 0.8515361547470093, 0.827973484992981, 0.7771090865135193, 0.7432494163513184, 0.7366755604743958, 0.7679150700569153, 0.7542783617973328, 0.7056387662887573, 0.698369562625885, 0.6830671429634094, 0.6901174187660217, 0.6857170462608337, 0.6881043314933777, 0.6723229289054871, 0.7065168023109436, 0.7002783417701721, 0.6839593648910522, 0.7072156071662903, 0.6439105868339539, 0.6186113953590393, 0.6207925081253052, 0.6267353892326355, 0.6160885691642761], "val_accuracy": [0.7701149582862854, 0.7701149582862854, 0.7413793206214905, 0.7586206793785095, 0.7471264600753784, 0.7528735399246216, 0.7413793206214905, 0.7758620977401733, 0.6954023241996765, 0.7528735399246216, 0.7679557800292969, 0.7237569093704224, 0.7734806537628174, 0.8121547102928162, 0.7845304012298584, 0.8508287072181702, 0.8287292718887329, 0.7679557800292969, 0.8287292718887329, 0.8563535809516907, 0.7955800890922546, 0.7845304012298584, 0.8066298365592957, 0.8066298365592957, 0.7790055274963379, 0.7458563446998596, 0.7403314709663391, 0.7734806537628174, 0.7734806537628174, 0.7955800890922546, 0.7900552749633789, 0.7569060921669006, 0.8342541456222534, 0.7955800890922546, 0.7679557800292969, 0.7955800890922546, 0.7790055274963379, 0.7790055274963379, 0.8176795840263367, 0.745945930480957, 0.8216215968132019, 0.7621621489524841, 0.7729730010032654, 0.7297297120094299, 0.7513513565063477, 0.7351351380348206, 0.7429906725883484, 0.7429906725883484, 0.7383177280426025, 0.7570093274116516, 0.8177570104598999, 0.7710280418395996, 0.7383177280426025, 0.7429906725883484, 0.7523364424705505, 0.7336448431015015, 0.7336448431015015, 0.7710280418395996, 0.8037382960319519, 0.7336448431015015, 0.7850467562675476, 0.7429906725883484, 0.7383177280426025, 0.7383177280426025, 0.44545453786849976, 0.6818181872367859, 0.668181836605072, 0.7272727489471436, 0.668181836605072, 0.6363636255264282, 0.6954545378684998, 0.6954545378684998, 0.7181817889213562, 0.6227272748947144, 0.6818181872367859, 0.6727272868156433, 0.7045454382896423, 0.7136363387107849, 0.6636363863945007, 0.7181817889213562, 0.7090908885002136, 0.7545454502105713, 0.699999988079071, 0.6272727251052856, 0.6863636374473572, 0.6363636255264282, 0.6909090876579285, 0.6954545378684998, 0.7227272987365723, 0.7090908885002136, 0.699999988079071, 0.7090908885002136], "val_loss": [0.6681279540061951, 0.6472163796424866, 0.7175127863883972, 0.6213576197624207, 0.5791716575622559, 0.6587835550308228, 0.7000254392623901, 0.5970306992530823, 0.6702365875244141, 0.5949183702468872, 0.6623632907867432, 0.8089839816093445, 0.6007208228111267, 0.6018780469894409, 0.6285094022750854, 0.4582235813140869, 0.5581434369087219, 0.6183597445487976, 0.49828267097473145, 0.5000614523887634, 0.557868480682373, 0.7384466528892517, 0.5616652965545654, 0.59746253490448, 0.7104599475860596, 0.6684600114822388, 0.7257465124130249, 0.6661527752876282, 0.7159167528152466, 0.6958215236663818, 0.5802039504051208, 0.6004268527030945, 0.5783801674842834, 0.5414125323295593, 0.6805267930030823, 0.5932804942131042, 0.6127134561538696, 0.6729860901832581, 0.6199148297309875, 0.6570598483085632, 0.5753856897354126, 0.7635318040847778, 0.6871249079704285, 0.7496235370635986, 0.8006592392921448, 0.6890836954116821, 0.700253427028656, 0.6885956525802612, 0.6816344261169434, 0.7105972170829773, 0.5105710029602051, 0.6626183390617371, 0.7330191731452942, 0.7811135053634644, 0.7799370288848877, 0.723619282245636, 0.7394199967384338, 0.642620325088501, 0.5584688782691956, 0.7379041314125061, 0.6525523066520691, 0.760999321937561, 0.7482423782348633, 0.8687548637390137, 2.6598870754241943, 1.4364856481552124, 1.2146917581558228, 1.0235704183578491, 1.123284935951233, 1.0829482078552246, 0.9142953157424927, 0.9148992896080017, 0.8738759756088257, 0.9875208735466003, 0.8876050710678101, 0.9038882851600647, 0.8953409790992737, 0.8499683737754822, 0.9129695296287537, 0.7964834570884705, 0.8683132529258728, 0.7722837328910828, 0.8604913949966431, 1.0542773008346558, 0.945365309715271, 0.9618018269538879, 0.9419321417808533, 0.8637620806694031, 0.8266716599464417, 0.8267885446548462, 0.8288693428039551, 0.8320879340171814], "precision": [], "recall": [], "auc": [], "learning_rate": []}